,tamanho,tipo,dist_centro,vida,rodovia,ar,rio,quartos,criminalidade,idade,preco
0,258.9798357348147,casa,50.982231867097205,26.56612260293728,20.117523228887947,42.84151355287641,0,1,66.2145597757009,73,218.5430534813131
1,572.3205136746194,casa,15.838170760891654,55.132153125831316,8.00634025289656,67.39632471232142,0,7,58.0335887859936,43,477.8214378844623
2,515.882046822724,casa,33.53912193351438,62.53044716369666,47.44531798445233,48.33698225470321,0,7,37.91678944587776,21,379.3972738151323
3,507.5344523584397,casa,62.79754385426297,35.548906282014315,0.9969234734518495,47.92484210229089,0,0,62.41105102012427,87,319.3963178886665
4,302.39015706631864,casa,67.45392100172468,14.997246751569106,8.476615442633317,30.006445848259354,1,2,76.24406758505428,73,120.20838819909643
5,238.5575795955012,casa,69.91008670784986,33.67242355388309,80.76258695629751,50.794070339070004,0,1,73.67682373456279,31,120.1975341512912
6,238.7754218528269,apartamento,64.73786542089356,17.517627673134186,77.14733448596064,45.93138822617886,1,1,70.18851985227383,46,76.13762547568976
7,666.7412584887552,apartamento,44.60314398798269,71.92607053559534,91.5138820404896,43.07718293708903,1,4,28.255559571964422,36,439.7792655987208
8,416.39698873296237,casa,37.64805406115387,31.9037327392887,85.45154359107495,46.74637030997387,0,5,71.53166761963648,53,320.50175528444396
9,488.877970005626,casa,46.184193737011014,55.91851158920602,68.3175563239818,39.080879455810106,1,0,49.55237457104021,19,368.63266000822045
10,101.53110723321933,casa,77.76160935227529,0.19069682247327108,5.233285730066283,20.910449531590398,0,0,88.5658436656263,89,59.263022433111104
11,657.857754743231,casa,33.25889345861617,53.51671321774473,78.28486179866574,46.79414221419875,0,0,33.8439920735705,57,486.45943347289744
12,694.2802489369319,apartamento,33.94670240655942,81.95000907443831,84.55108108405605,61.36339567845762,0,8,20.730264293476914,55,424.59918836018977
13,161.4304087286993,apartamento,62.92661255925796,10.710659504344818,79.90821457719545,18.727589323433982,1,2,71.14039387776914,42,145.55259980522428
14,251.28308315526027,casa,60.00246642960839,25.27992709448053,50.847903530802604,39.22764808122032,0,2,77.76580104809963,18,131.82123524319528
15,301.92921022886117,apartamento,66.9144494194771,19.77437760300219,23.290183864948165,24.56341771575204,0,2,65.42069328057444,39,132.53202943404523
16,197.35438408816952,apartamento,50.44867969569471,27.105019283365273,84.53299756887267,42.799722311189065,0,0,62.90178612582848,39,186.90900933179196
17,432.79823943624507,casa,30.573155692118327,62.82300857129067,72.71628097401384,53.680451245607124,1,2,41.997402645768574,32,286.140394234507
18,489.058960147879,casa,61.346243338725,17.82296147805538,98.07611743888516,12.039848481612074,0,0,79.49320970892948,25,244.3752583889521
19,138.86493813962323,casa,70.50054137047167,40.40155554575337,15.569259775593292,56.419645078310985,1,0,47.42847093633062,29,181.05311308911885
20,472.44511689827453,casa,39.92158196551661,59.93161809463839,22.566458305205504,49.31716767030898,1,1,32.18786836436915,44,325.33380262507075
21,159.88286650904604,apartamento,65.60995226342571,27.556685129499694,21.17981498815027,31.33849953265513,0,1,63.935246179590656,43,112.77223729341883
22,416.584822697874,casa,48.067483252979635,46.88629541533627,79.25397676213368,53.61060587572795,1,0,39.88474401012144,67,181.46509184084817
23,453.1844701675675,apartamento,46.58755294947259,14.73153437583847,18.690729645011817,20.327652521080278,1,0,73.56539844238335,80,214.86282948216126
24,490.63550329291684,casa,41.190321426907,36.45858853831048,6.665982982330609,24.793997560124364,0,0,52.22027771928376,68,255.23149289766616
25,472.9761007551716,apartamento,25.88565568310181,43.74947745646777,99.85608065856286,39.016848734462485,0,1,64.44337373847196,54,403.3291826268561
26,317.761683642817,casa,58.62231821112072,34.147820998370634,2.4817211445149145,56.075560463995174,0,2,61.037632067332346,81,139.85320197126188
27,421.6850310107444,casa,49.2661610525866,58.97614917428396,83.52440601588657,65.77638822221695,1,4,66.79367527057431,34,281.4054972861252
28,296.02612007473215,apartamento,36.68706541378002,41.086488821347274,36.53668415506528,47.72254126668069,0,6,53.806250016020925,79,316.5865559879191
29,263.25970761276477,apartamento,74.95898679578112,24.58875912557516,84.16154597578152,40.322803848039015,1,0,74.57751393269884,67,70.90268572399897
30,349.367460746356,apartamento,43.138841983816064,33.65073709070982,55.4620491211145,27.955926108931948,1,1,62.76400405433487,25,323.39518335564725
31,278.586637454159,casa,70.91658635724416,28.016029912267623,90.16312294863602,33.58905931815215,1,2,72.4878934443732,29,126.73585565928119
32,137.5266982625944,apartamento,75.03686236534162,18.838403163490565,92.61929864146266,39.611580356335445,1,0,66.01671726744325,56,79.27321684337578
33,477.4518044946398,apartamento,11.721522438702161,78.93291021330928,0.9098181280775997,44.88472863946706,1,2,21.734781344250525,71,476.99849176399994
34,522.830156855597,apartamento,42.0314768301357,68.47125528674873,7.541217599278827,55.331519489824544,0,2,57.577488254382466,59,484.53441488355173
35,626.4505281147538,apartamento,15.788228989554744,46.12712511394615,25.035872957085548,40.666788221085014,0,1,64.39735507611324,60,413.7788066524075
36,276.04667278269034,apartamento,50.59575221533557,14.901959641313871,66.93154163635016,24.810784333259395,1,0,80.61246634802495,84,187.07619612801682
37,237.30440819940267,apartamento,61.743029423103486,8.587821658784852,88.8272196511506,42.87334687916722,1,0,69.28190468017485,49,93.95245130287273
38,332.6946699421649,apartamento,42.945940121846945,36.61629198002259,45.994195129396275,25.063154785885697,0,4,55.15908631086725,40,357.9048619304706
39,253.76235865592068,apartamento,56.82847120314233,29.61382922853091,60.697311627426544,38.53017853421106,0,0,59.73369590148962,52,248.06862218282058
40,237.6158422675119,apartamento,67.55351711757247,36.70338218759893,18.849985279556115,29.116159139754053,1,0,63.88460126035776,26,104.91720568015047
41,444.41543690477164,casa,53.60376774086026,39.95116939917896,80.49668338816853,63.93580110387456,1,4,52.23053724240207,36,272.8296095500716
42,118.67529819999343,casa,74.2135742619906,19.041898596837342,96.73281113534698,14.966143355972633,0,0,63.82648586030571,28,65.47483450184828
43,603.3037671590089,apartamento,29.75243520767233,44.07443364538497,26.85989329145975,42.79027286966038,0,3,43.973633075460995,78,459.1941809354519
44,362.9441668678185,casa,62.242494885826076,46.209507476905586,49.48259516005463,53.732749882819704,1,2,47.771313320074825,34,166.4509917200076
45,437.3323780183977,casa,38.26866390189611,58.60265538333039,8.61161105063738,63.25150443416722,0,1,51.74244133550964,79,348.1350279592919
46,189.1695328108092,apartamento,68.29536128912557,17.99218280079301,55.91366564629684,25.50359166206754,0,0,79.71835726835725,41,190.26998424023492
47,285.15107031159033,apartamento,43.520828998798734,51.45921919001273,50.27834418466806,43.5672352496472,1,2,59.0486430380152,28,284.0306095300149
48,473.8923077182259,apartamento,34.46599058195274,40.865836867256625,14.44364841550776,39.10235275090833,1,1,64.79667408835206,37,296.01962570447586
49,137.69084752271652,apartamento,60.64488450402628,10.45252810203862,44.2066213118075,14.983102703040023,1,1,83.96752390421737,41,133.18450498648718
50,654.4955671532432,apartamento,1.8546786985613284,72.91529820186365,33.410465208656326,50.30409195049029,0,7,52.333266148317186,27,486.31308249405134
51,553.0312761126017,apartamento,38.440629746020385,57.08311959960482,52.18308753051893,49.62051441571828,1,1,40.478333884879106,80,398.80977051250153
52,663.7621649804325,casa,22.07145015832865,57.59239784879649,58.565433542879916,48.19354219367015,0,5,44.64057368222431,89,472.7745237038851
53,613.6459103465203,apartamento,22.339183858499446,85.91591893341231,0.8495578607209509,71.04145507121316,1,4,43.50047091602494,66,452.67230769244196
54,578.5834273356791,casa,37.23028856204181,57.034814254861594,76.10059829495553,56.231638528276676,1,0,40.52471282238351,78,319.0549904649883
55,486.538934178997,apartamento,48.92073690900372,65.01798051288361,71.30142918617408,83.38078740524838,0,5,31.465749820495656,65,464.84340576040256
56,239.08531295975862,apartamento,61.216269504423096,19.709576239960374,36.62863862065222,34.62072151924778,0,0,78.9093859598059,30,89.82162592336377
57,183.9105132075692,casa,64.36904157161332,22.467750048109078,5.2935935568818255,14.540611750905926,1,1,64.58537486408976,17,138.19228808861533
58,177.54003870244458,apartamento,58.46681526325335,25.209707125227695,75.49325397850504,15.416147758903524,1,0,70.97851395583494,41,70.35228000974213
59,332.4103542735104,apartamento,38.97702609569671,37.690871065942524,95.51751604781325,60.063390208691146,0,1,57.88138109333129,75,196.39864884346895
60,426.9279617774717,casa,53.70695088017807,18.27142787068117,24.015159602201418,21.769503849746428,1,1,72.4903490846784,88,224.9047803602669
61,358.8814837725438,apartamento,66.78404384935752,28.9319977831459,32.35246137370379,20.57730757484796,0,2,48.608747841784975,85,172.10706429825316
62,494.0272791590978,casa,17.68063644240727,75.0922625426226,18.381288948181496,63.43952665186605,0,0,39.83483540315441,21,422.9318791183682
63,237.8663177746306,apartamento,67.44284052296048,31.216826085887565,57.693612334483966,40.82434358760344,1,1,69.62329183064955,35,210.53899701211517
64,242.2594815485834,apartamento,57.266400724536915,15.758529646523318,15.484139464745494,33.76958429496398,0,1,62.283652935496775,39,176.42052935932134
65,450.8067603227016,casa,50.075930714741915,54.21623357204212,35.619394346137945,41.028663773874584,0,4,70.25912999166876,25,294.21323742121183
66,147.37148262262485,apartamento,72.37226575661927,12.801979619829272,69.70130139342629,6.274019084100601,0,1,70.09969071165813,66,113.41590123864319
67,389.0825253858068,casa,22.997972343192053,41.96875572903095,56.01159830093484,61.86763830716724,1,5,53.82182207711991,32,410.98864133931784
68,168.0033494849825,casa,72.33006092511377,7.656353349899278,38.64625643279352,12.479183159481245,0,1,70.94942621221148,49,83.54778965589688
69,484.98060977567786,casa,5.916837182073712,59.63965827259978,42.02496018075419,67.35421359408508,1,8,47.96346721677191,18,494.0991214702328
70,434.48901802594065,apartamento,42.91299530771211,67.07793296782798,56.21108826232295,67.71113824264316,1,2,27.559441556774022,30,397.51014618349586
71,194.6360561312339,apartamento,56.54487952350519,25.41663464637155,0.5864727887161303,39.74627779528545,1,1,73.89934723104099,17,139.4220566903776
72,47.69539875634329,casa,74.4087686678111,5.713936277852592,7.8509868453609855,14.113134832964912,0,0,71.7771184919238,74,52.48495270562108
73,408.81105800841897,apartamento,26.51619524431893,78.37726637903441,88.12580677630116,58.09415940696301,0,8,45.68207183451277,32,416.95764280467534
74,628.167951084935,apartamento,29.09159622430673,63.10631020897298,7.787898909129076,58.867076241130725,1,6,24.671565090082467,63,368.0858047314277
75,523.7907317194048,apartamento,39.434202274595066,62.05066885651773,70.68035962105051,73.6315504646177,1,2,50.69006686201201,60,378.0532256184443
76,386.5848272902414,casa,40.85655943901442,38.74617763345272,92.00381641090526,63.40888248879166,0,1,52.68096044248202,30,397.0716560086756
77,244.52331735823168,apartamento,74.01814639474256,18.614967746811967,27.06836043017311,13.947187434353191,1,0,61.28152700773043,40,83.32009328034067
78,238.95273746702912,casa,41.407282914997616,54.02811836001575,37.04914370595142,36.94529799059655,1,3,39.43936001810682,71,211.30957784492267
79,297.0965108929606,apartamento,65.31834728905112,32.73327290361682,56.892140584471626,57.334862990485,0,1,63.96472562483085,31,102.14107678630837
80,576.1550050449042,apartamento,17.674789838702036,38.135261911097,88.17089696385847,49.450487356787974,1,4,75.24405792973985,88,438.3965416440171
81,395.0607452721728,casa,54.503822680279804,30.345664467143667,94.19055872604201,54.26078954659429,0,5,70.80520999434712,50,330.48415707240105
82,274.0055076742301,apartamento,48.85486234275501,32.58948792491057,73.9563248111268,26.575109365869082,0,1,50.25833661147433,18,198.90411118369212
83,263.81010092423037,casa,61.30034983109957,35.08130072362167,8.661976085469403,43.43549670083815,1,1,59.46237274479757,43,78.60125762871064
84,401.2593332331591,apartamento,58.231009939213536,37.23270648481368,66.91541555348508,50.14191367946667,0,1,64.46402406007513,88,189.94204477204798
85,260.09538028774,casa,55.68480022892104,30.14841071925869,41.03037218726621,44.82217863160742,0,1,73.13351289700631,39,196.33249491203617
86,413.0769122457972,apartamento,52.81192409640703,41.54591618475255,47.07009994910616,37.740517136123955,0,3,52.864612695923114,84,378.32278025212884
87,286.68970295656754,apartamento,46.000999708610294,53.78781047422895,4.914839034517704,34.14555895749394,1,5,59.95961395281525,30,336.9008621098459
88,564.4440424872865,apartamento,14.84885740939395,72.94661468444099,19.106213934635818,64.16580614818822,1,1,23.809204516338852,79,449.24573415934697
89,248.0018425027746,casa,56.34874155465967,38.142328194189595,79.05136075336478,33.38334778808053,1,1,61.2410706203391,81,262.4967163228772
90,290.9944493905663,casa,61.788606852008954,33.64239617549664,45.395883304785976,38.81786979690495,0,1,71.51069882517854,84,103.81741067223577
91,514.0137150723872,casa,49.69717289758373,77.59996687090685,30.166224163114887,90.0,0,1,49.93623638379071,79,370.9601542503477
92,441.5062092391671,apartamento,37.91765438242395,38.52359609131592,38.401907396495815,38.58070064442217,1,4,62.17693939304025,80,392.35327187760385
93,371.93182804824863,casa,37.83145626920402,41.4314125633279,85.43995133256801,58.059504146057215,1,3,52.56368150286062,48,302.5747389062733
94,489.5875631782413,casa,43.97326884510985,51.18457114316182,74.8999017404957,34.73223931597759,0,3,63.76365912440248,29,396.93523097955244
95,283.5623969330837,casa,47.18406117080248,53.61879282662555,27.231539718108277,61.428979066357954,1,3,50.430151801026064,82,272.20801836397584
96,331.62403579645945,casa,55.56238726413027,43.62820773978801,11.750184021237331,63.26267200555328,1,1,51.35027269581822,35,285.2297732218973
97,224.23962666720175,casa,65.48218950188797,39.4691182423999,25.19982216440717,26.84299571619555,1,2,57.36666600889149,40,242.39345826134732
98,221.99101675034018,casa,72.35086164847074,27.91123562965327,92.07564510547337,14.938934071644653,1,0,61.98414240568235,27,61.43860703484283
99,144.06370916365856,casa,73.9486292935907,19.280238682669182,58.15888378497554,26.750320507795532,1,1,67.86743085208151,75,98.551142146987
100,54.88132635062136,casa,73.68368062468926,32.906785770462946,53.34802087447829,22.932699137451948,0,0,67.38243203962693,31,64.14313355903042
101,497.12457337563615,casa,39.868835481234356,47.9723285461437,59.63935996924615,54.85170922621904,1,3,54.37757397396848,26,336.3846850687012
102,347.7275391194728,casa,48.7160450946302,17.35531138224635,36.60282657465152,46.00474184672336,1,0,79.51367619160933,57,191.460191484347
103,414.94793483149715,apartamento,58.564298707715075,48.325745536947466,80.71070203195127,44.45105503695433,0,1,52.00052018816792,43,278.85681102411627
104,570.6953335661176,apartamento,34.66173400483735,66.5969260581054,52.32862493002498,44.501591611059375,0,2,56.28665172651926,76,458.40491326674186
105,180.50950778069907,casa,50.243113985179484,22.17598793109796,11.674790276879554,29.333786834168606,0,0,68.94224065984473,89,162.18150311699372
106,270.9322535117837,apartamento,36.81446230780654,47.093560259648406,12.906512482906296,53.310461568748984,0,3,47.20202043421472,68,234.6723153660334
107,508.0252021538624,apartamento,58.55001809285269,75.07064877229777,53.685914650261836,42.67996993127987,1,2,41.062402808140575,44,389.9980123443719
108,297.0413017481077,casa,47.16735271612496,17.929303133260902,93.65702180708392,33.198100532248404,1,2,71.12200337291229,81,152.9591744712301
109,113.90486909168823,casa,68.72154452244922,38.74501186236587,30.835212167619876,44.44887930873554,1,1,51.13523808654648,33,84.64095942295685
110,311.5849674859104,casa,59.6457770829395,20.041725205291595,86.95411688592183,36.85043510279955,1,2,76.54769055748802,60,180.38815381119562
111,175.40100819554075,apartamento,71.15886348952577,13.852339838947616,76.40955865788793,15.8881004655255,0,0,69.2577756368039,26,122.54957926430198
112,509.12738798764116,casa,47.91484873713706,52.62476227190524,24.781244290690687,57.701109237314306,0,3,39.45806372838362,79,468.36394355415786
113,422.370314583179,apartamento,57.05448431448578,70.07482734171259,3.6340748316242455,48.93567765679202,1,6,36.60298649621562,63,413.65417080398765
114,501.25904678338753,casa,44.270984992971016,52.574611428181925,10.184726514238275,37.4904275448332,1,2,56.03385782879193,54,335.03169042969057
115,626.7834427988718,apartamento,41.854318141029985,50.67061793623347,72.84939338474402,61.933006955196866,1,0,39.731370862883914,86,442.15726558447295
116,312.88092488239334,apartamento,14.773594554243903,63.072716398782745,19.96697380406467,66.04254181127848,1,4,35.37472013749818,69,411.6524346046015
117,307.45829937861606,casa,56.810604942385446,31.041471321077385,37.12709205053938,16.94444124233305,0,2,68.67624106199388,60,133.95652649871613
118,539.8872657472581,casa,49.19932758732524,47.27624250166602,50.16991660064248,40.416305385044126,1,7,45.817830235797196,70,451.65154932049
119,328.9790753992733,apartamento,35.049296103813624,61.140817643264576,72.54681684501628,43.18248377253165,0,1,56.79335165744926,36,292.7040088620428
120,524.1325304705192,apartamento,36.447925840331095,68.81540470080242,11.323122325912538,55.91397213292453,0,5,53.65207195249238,47,413.34806982382815
121,576.3989231940791,casa,25.654230209055555,54.94422899865548,40.636640527746145,46.27753231400757,0,1,27.511901179461713,23,453.24108496557193
122,361.4035645199441,casa,59.4563228482796,50.859215201745165,48.50729091426954,31.946853541794574,0,0,53.446685969591535,74,193.10156373733875
123,272.66697791027065,apartamento,58.80131644694988,20.477953023417793,54.08270639715397,30.085877210558753,1,1,63.85419317884443,26,99.52336603745454
124,295.3381759029548,casa,48.73916910172709,44.52131370745019,81.83606413952167,54.680494604109924,1,0,56.02185498295779,26,152.57082314387375
125,331.42865034878884,apartamento,44.83664045156691,46.3615732398887,17.16781950432169,55.17097643770289,1,1,43.12181333390068,55,242.19850488181535
126,394.93240182727,casa,31.097784065942612,58.69642272473369,80.78314518266222,57.961851101401834,1,0,45.22365734820933,44,418.1066446651219
127,545.8239895330776,casa,15.670000976012968,48.38582938046012,69.28784276966522,33.194913606739156,0,7,60.70661800088247,46,437.32876246535454
128,116.53944861104509,casa,68.56350311502895,30.318278627112754,55.58708141989593,55.34997503862041,0,0,64.01922005951747,53,53.128458739035814
129,281.0777110148919,apartamento,60.30563962673482,39.21334554997329,69.95278704025719,55.780589968884044,0,3,60.74647742187445,83,279.8362861599046
130,406.1790510530846,casa,63.74289334472855,27.14423211603278,41.20177389516564,47.91104176213873,1,3,59.02365535279822,59,237.83495141695056
131,274.9233967021349,apartamento,67.82976334006277,8.186442665435578,13.839758596812457,36.015285879402114,0,0,75.55447487853579,68,149.9485147118286
132,107.95950487421557,casa,58.42563801372654,25.31552223798737,66.57652402653673,49.880030162555876,0,0,76.80520460240464,72,103.93941530015726
133,234.44545483294456,apartamento,46.97528515822892,36.91464193069166,52.46723066856222,41.24914986063768,0,1,73.34501310819361,84,201.9268271316326
134,506.9721460996768,apartamento,31.78748898185775,80.853355649637,63.93748005427755,60.32207237837172,0,0,19.09120564971595,25,474.3093667606336
135,186.9178255083991,casa,56.72416182587338,45.758425723269966,33.799878102849,52.909763014979696,1,1,65.70893144428331,39,195.44131940933985
136,459.25489386228946,apartamento,45.12133368714806,25.793014901357473,90.6866577339836,45.58129720459498,0,5,63.27423506725974,79,283.45577978451473
137,405.16098123307705,apartamento,42.616166013687646,56.38068177374092,58.736986857557696,65.8515534911205,0,0,50.28287458042229,77,366.35853150283003
138,280.1390445459041,apartamento,47.04410370759544,27.024472243459545,8.540248429087383,37.48479190398706,1,1,74.25769984892864,56,213.63332107068229
139,556.9856567041355,apartamento,20.099541675570066,87.8429700974624,44.980399070442864,59.581945172536344,1,2,17.141030793857432,60,487.3019372244323
140,526.9448166960636,casa,27.282636914552867,78.67081294270622,75.63560547436343,59.743560399891834,1,2,27.81527237955353,40,483.1012827239501
141,211.57081863924932,casa,68.05147402703334,32.86100758619467,79.41345617322723,53.88020352819349,0,2,59.40904243752842,67,163.30203312141387
142,368.5412936366039,casa,52.23383740097317,50.05084590617084,49.45970527637588,55.45079055878383,0,2,52.61978560931227,74,273.7618276515734
143,281.73297164219736,apartamento,58.416769433385824,25.496046220006654,89.4747570831301,36.07447181079051,0,1,67.32811779575249,49,185.39523941754635
144,188.52926968464098,apartamento,47.84436826644991,26.985215187813004,26.766843719429755,24.09481179460744,0,2,64.13542386859844,32,178.17822246986043
145,270.9190486373105,casa,63.72008614941491,31.02575955538156,41.05986972382666,31.657810729747162,1,0,63.264497538212225,38,66.59912630953976
146,494.71055894385466,casa,52.06932716104792,41.43811104507373,89.859691056897,63.17140809777067,0,3,63.95351139899281,73,324.3039502909536
147,426.2551465196836,apartamento,55.284885550765594,40.10451397310284,89.62567164715789,50.08223550420004,0,2,44.951388531122596,78,276.2055604529877
148,268.23676155396294,casa,60.17205106350312,19.42789942735934,68.57127688246808,41.694927873746714,1,0,66.7716754221061,87,73.16543806249521
149,357.62076610048797,casa,59.82451710537849,44.47365515086921,85.89805471222202,43.98144731069674,1,3,59.69740887118817,88,175.39090890647515
150,496.7934942022625,apartamento,54.14138876368575,48.575953598710896,8.877326695623267,51.652086402741396,1,7,50.46207064571678,86,458.7196486849942
151,336.9824897161894,casa,63.14220886403757,14.918292153387648,86.49949762077763,17.053041282246976,0,1,69.95628862064032,46,157.8028508001376
152,266.53964290099765,apartamento,62.42949898921842,30.7167149227482,32.061990655022676,45.12997578800713,0,1,64.7003715052828,39,115.20269244105039
153,433.6359316748354,casa,46.36290722806987,52.403091366797746,17.833151242821632,44.270404817517054,0,0,46.09834976909352,48,270.2537421249034
154,581.1111075084347,apartamento,40.18116263469252,43.96700329844742,23.936983634204633,45.385153283144064,0,0,59.38546566700681,73,493.5427043497703
155,287.9663389949904,apartamento,72.59398500268972,21.401562929495228,41.79685080138871,37.305118809890764,0,0,78.37289022223182,25,158.92487218017519
156,322.0581615152124,apartamento,33.93430927069036,37.886386920939785,25.119200460446724,61.442466017343776,1,2,59.54196860777388,47,352.4609963326453
157,538.8233549121863,apartamento,24.185004417396073,46.713114022475146,32.0567586016499,32.62623776528171,1,4,39.47898288973447,87,392.7288268979229
158,352.2681201403015,apartamento,59.25016199238448,25.936412202293585,13.497848607164208,46.52644011987382,0,1,56.04071545208592,25,156.93689479657985
159,363.5035687201898,casa,32.59523134748974,62.43512361045611,29.617676555899852,50.89119456610875,0,6,48.18592723369018,29,377.6973568753368
160,371.046818510803,casa,53.946927318878735,41.739033497014475,57.22838145420012,41.94290659041128,0,2,60.83460346968147,74,215.50240972366396
161,409.98365454645204,casa,53.27210645708723,53.57953886947228,44.185370809106395,36.072080260346844,0,3,68.61280731852243,19,334.53762376711074
162,399.20032932365945,apartamento,42.056079752354634,48.55988863599183,34.67187612359112,38.396184572317644,0,0,48.53355075169856,51,335.08836984240264
163,401.19856755816636,casa,44.3626800187803,56.78601644242504,74.6452128857114,55.808041593225916,1,0,45.47149480668155,37,291.0986078336413
164,96.71949091861,apartamento,59.86546211416116,21.466042770783286,89.3509971393318,13.822539925941035,1,0,68.51457054156607,80,90.63039652448373
165,511.16967321631387,apartamento,34.484629539833556,83.20022925964214,75.6789222902397,67.23472280046897,1,3,2.8770414930596204,68,425.88612301515707
166,344.188209716216,casa,67.8880989871199,35.68291466993416,33.200070211767915,55.8611290520593,0,3,59.5788392995924,50,194.35102923728113
167,213.76627984672905,apartamento,61.14187687634593,13.760096626192121,74.44421678375537,10.767262592668082,0,0,67.10981029665103,51,133.9333296799344
168,46.70581378044371,casa,66.79900897673934,24.029781095079535,15.19801824740512,44.50494348436898,1,0,79.39306359664721,31,68.34881369964376
169,321.78722180355953,apartamento,52.439468931056446,43.78937886375264,13.031798809129091,40.74501903464322,1,2,43.990196816011284,22,315.90182443470883
170,412.82455571710176,apartamento,53.42381577743148,56.588163465072746,34.562703703615895,61.51644163234477,0,1,40.7289480119982,48,354.9039628290271
171,284.8374042309465,casa,60.59290374128093,1.4799478064253242,80.7702369044057,9.313000986659118,1,0,86.70326889737368,68,57.46452301753527
172,345.90451270900246,apartamento,45.521013320342895,34.11468617492733,24.634824724230185,26.85429999819817,1,4,64.2791002766124,44,280.44187623467644
173,195.69924819311098,casa,66.99847780933894,43.21314109925898,6.325340889867959,29.524323394210647,0,0,67.96277493640827,80,151.92309883907208
174,443.0962454699575,apartamento,32.71052879094486,42.789204569225845,13.170953520635509,30.375530199078543,1,4,46.18308182636507,35,340.32775568425245
175,266.4208919995494,casa,50.42994065926465,37.08644276586075,85.87449685295802,27.534856281896975,1,0,64.36303782125601,31,128.46489305224617
176,445.2349314440826,apartamento,45.66022308897249,37.59913731196742,63.37832847472876,47.63700414788992,1,1,50.785214870344944,22,360.92198214610966
177,214.94054605498468,casa,39.27068478639453,40.74382697303954,25.320116336997668,56.34995521382721,0,1,71.21855585265796,89,224.03090583524184
178,712.9510934852425,casa,33.60676671834618,65.97509041781143,55.52958253281813,67.92417340245123,1,7,34.584032006090716,54,471.52849493153053
179,241.38914474514706,apartamento,64.07448638222449,24.606330688329898,52.75796224253504,41.0298410717152,1,0,70.67158895261588,42,111.88442486569696
180,436.4684951208513,casa,61.380813421648625,25.152281450884995,65.54359784406613,17.38545752230676,1,3,73.34162057961854,67,203.47985797261632
181,154.1886764905725,apartamento,68.42028674533475,12.927303867098313,23.31875544216163,17.73261328646774,0,0,73.99322417210219,89,101.06308455826507
182,502.8647411575184,apartamento,14.799678661878108,48.524079795061226,86.44029871943977,37.109328640365696,0,7,50.54156643874734,69,466.1121282253533
183,659.5629873591348,casa,42.97356822065487,59.377025837324744,30.936856208001284,44.24857460085163,1,2,38.752004667038314,72,444.80270902144144
184,203.75066148253072,casa,59.728495393863376,33.00599064422738,69.41316539762369,38.67144986361518,0,2,66.11528093343286,75,166.07373247182002
185,543.5755300061994,casa,39.488107343220165,71.7000433076768,1.612464637221489,58.64026262328145,1,3,15.474826572398221,86,346.99282071538056
186,556.2154497724179,casa,54.85424944028296,79.18152045832015,37.26571298941472,56.94350282526533,0,7,25.042657603114055,74,417.7499900905471
187,256.4897963694972,casa,52.7900770522923,54.79693655045019,35.17098179588083,45.974362493713734,0,2,42.04160122954144,29,299.84036521975804
188,367.2972514128834,apartamento,41.64606507258473,55.65150149868943,54.348442858301446,66.44388991516068,1,0,43.43402449508317,59,288.3427602602029
189,281.9057217620032,casa,48.71058850854272,36.5602050059328,7.27362617771965,52.26116804192299,1,0,59.430791031182146,67,158.83353090520325
190,85.37672571946472,apartamento,66.6692968600871,10.72262818319694,79.01313737261083,16.91134979598468,1,1,81.66821152178743,35,91.89624551265464
191,535.3787585919554,casa,18.886120178398997,77.98163274783188,21.778080176756852,85.51127877556728,0,4,32.586176672861114,37,453.747091078997
192,498.9648141055913,casa,33.907212681246136,67.32429859882295,67.70378148820102,73.05138152660896,1,7,26.853373713184624,40,455.18812572349873
193,408.9166005954782,casa,35.66338873545153,46.59671655568697,80.32121232440932,40.20488183346572,0,1,41.80741578531073,42,334.8956557729706
194,154.83447737609296,apartamento,54.59096866094268,17.807111393105007,56.18769562415131,24.01598020537553,0,1,66.84118270531116,61,202.5634059719153
195,399.10283272656125,casa,54.25230508981211,28.760386474478114,74.08832067219855,36.44364858544442,1,0,65.29517375564862,44,207.1443085756974
196,533.3888702256387,apartamento,54.4413017490661,45.26494547718489,66.18603122150056,65.76634660953539,0,7,50.056712414308535,45,376.68005549160773
197,658.6585197777682,apartamento,39.787170922688205,69.99284292034513,35.55297971520076,75.18652334598133,1,6,55.08295428169319,33,453.6996169786597
198,513.5208375238709,apartamento,40.37607459350497,71.59864406147963,80.88585390335653,50.86214207464637,0,8,30.21649450214107,84,449.18889091930276
199,392.7499154015054,casa,23.757185090176836,52.561382166201724,29.4701369885528,49.370489242721156,1,2,58.95322760808032,60,400.9439956359307
200,490.1949420863185,apartamento,36.38665966081956,73.47417624345941,57.12129177515172,67.00641492591899,0,4,47.402102581186625,77,338.9142407694295
201,60.79859905117733,casa,76.69052384260729,5.470232170877841,74.53977391415395,20.95764472848499,0,1,83.71013642404186,84,87.86298424777198
202,101.82137970927633,apartamento,64.59823295215953,20.698221221923365,37.89559098125076,17.837434897285515,1,0,67.1065196104927,41,122.73292134257619
203,413.7820403869802,casa,10.9717609508953,45.11552081761921,30.276760761742505,57.49344355123804,0,7,54.91691964702343,83,454.34938483718565
204,341.2591850021891,apartamento,56.65930522343115,55.839879636439065,45.934601017282276,63.10163117377377,1,6,25.261856182602642,18,322.89307684681546
205,234.24789991234786,casa,71.55578592144026,31.815576878955724,81.79634943491536,53.12617451177171,0,0,68.98884552681078,65,54.13867322748334
206,232.36621777337757,casa,60.296873000316424,13.560241979779336,92.99217631456648,40.729490948215386,0,1,64.6429619841368,86,95.66219428971445
207,471.56519552552413,casa,45.59924828227531,60.26537141958096,54.50834128598901,63.73208135063543,0,1,54.80560316606308,42,348.5757960986251
208,98.11683759098376,apartamento,66.51853567843561,8.785479083405367,66.14662053236519,21.16276450521169,1,0,73.87917527832253,88,52.277712730798406
209,348.90692449932146,apartamento,65.6158135543181,40.8582828928944,90.32736222389141,46.969462381770114,1,2,53.14864596369254,43,122.3636231378744
210,404.3568822581753,casa,58.28095392613244,50.2095976443773,9.85468514129424,38.35221106555547,1,0,47.57795965713884,34,296.93020521496373
211,450.47324397722343,apartamento,38.27360966624387,57.41906450250444,23.207857786616504,61.55491587858173,1,5,43.26166604905436,70,361.35283896171194
212,345.7860307008618,apartamento,44.95693373292367,35.073407409035944,70.89000062515825,26.403675438103907,1,4,63.73138779317938,17,343.3825667761702
213,311.7492978135023,apartamento,59.78284437752667,45.17820575059176,82.37444619122996,53.47284555635728,0,1,38.76512787931134,77,150.9211892572519
214,473.29020576190726,apartamento,34.64489084390413,55.28186574070849,85.70290283305779,37.34255737793606,0,7,46.17734203508351,19,370.4806496063911
215,220.8134484947387,apartamento,58.85357394664836,23.938648600514703,41.51071768549326,17.053203897590805,1,0,70.85615022371368,84,156.76208937356003
216,224.43357187873093,apartamento,62.51963853231488,42.21524227868239,8.933990229186684,32.154904971978624,0,1,63.56982221873577,57,196.4298641716705
217,594.606034122129,apartamento,29.192596509080673,49.18458789130208,43.778147729961994,32.89036991936889,0,0,50.1184509103281,53,385.9211323031109
218,403.9311617176077,casa,37.53180150213926,70.19119957833014,23.07345902070538,75.70768627570543,0,3,56.22032624147305,67,342.3348045712466
219,505.46551696431305,casa,35.410866536175604,40.86127134960062,29.11964549966242,50.15928388928432,0,2,72.16954632477746,31,432.1505347223801
220,607.3852260792327,apartamento,50.3616383998309,53.118869157827596,77.22675568375058,55.82978887194194,1,2,62.39102507689225,24,345.9258015351545
221,266.7273068340063,casa,50.45180876022158,42.60954978877,7.552708602588687,33.18995141114413,0,5,57.59002646656831,54,305.7388715009622
222,159.76094965239164,casa,68.37380817563775,4.954888738716489,82.75812174807021,3.853678996248701,1,1,71.81797155757397,72,92.15364552264161
223,437.2781219061951,casa,49.96336950649769,22.021497912917052,42.76690858241691,12.32543862486073,1,0,77.43447825980284,63,215.4721113767451
224,253.46747933453167,apartamento,62.60397223030819,12.510355752992753,59.60639311005951,12.262869081949775,0,1,82.89017524626617,26,169.34106545677645
225,315.26821634507047,apartamento,65.39848615297406,24.914887113525765,8.9652231235679,48.88871642410688,1,2,67.22066742055166,65,159.79533952058762
226,457.85716257991186,apartamento,26.478888153809415,58.905294646373285,33.735907835727964,40.40548897416367,0,0,49.37421246244983,57,487.85474963860054
227,298.6473123901249,apartamento,44.42169735345152,44.50046846897071,8.970091901484578,38.30093988353908,0,0,55.52132295490942,46,226.89397610004218
228,579.9326636000521,apartamento,28.59111669408057,59.81328897877849,96.15437228811096,37.28674369091346,0,1,61.760756817262916,21,451.420949829701
229,346.50150965762975,casa,57.915826375031,42.54407311146868,80.72616493262504,33.577552073768594,1,3,44.264759816076676,87,334.0123816987683
230,517.0543160510554,apartamento,35.20963304118649,63.39729882071841,45.963275435646025,61.71083349652065,1,1,29.993985727946605,47,407.66508659374176
231,343.6446790193525,casa,54.782587940674254,26.162465373467953,22.36025483236711,38.75786376493302,1,5,69.85439194124669,68,276.18669189733646
232,354.2375502952525,apartamento,45.19305150423564,61.600272466352166,93.34551052498522,41.93975968281097,0,2,33.89643594265347,39,309.6067480818616
233,255.30822543200347,casa,31.54385030469077,54.23926499196439,34.45965957269718,38.711581156027165,0,2,49.43244251207641,64,271.63296221848873
234,263.2446030643645,apartamento,69.00733298960189,30.72207973752688,16.098443168737475,34.88421794316804,0,0,59.01768328275692,56,137.85934450912004
235,493.9100150894898,apartamento,51.74579247981572,62.495061706664956,56.31643884539549,49.98910159227019,1,3,53.541059971334356,22,375.1034518676774
236,349.09766210141663,apartamento,64.89471472735862,45.2919707315212,94.37741203448161,38.94216480910194,0,2,46.984096065042955,54,176.3475630983851
237,167.8213654119413,apartamento,70.65409979439394,4.751982301121698,0.3830290500322575,39.40837768651511,0,0,85.25483318982428,57,60.942184894154224
238,525.8288600329895,apartamento,38.42691203787384,31.670265678943007,23.812484325399875,44.76822576684581,1,5,78.2421098821935,43,340.46253315822554
239,148.40038792570525,apartamento,62.5349002331525,14.970504708105844,93.84476404104076,29.271849189728165,1,1,74.35604070100584,85,129.699805733172
240,628.0046700526095,casa,18.211001287050767,81.77992176767904,17.108596685716204,64.41312661182178,1,8,1.9929551904686134,73,473.20636295881144
241,575.9635566137964,apartamento,40.08948826112467,51.84995349455563,11.324345163981986,45.54188264945268,0,7,49.88007811456517,33,479.2678596511643
242,656.0717103691647,casa,28.279615399494716,71.21602256018997,57.01872157998045,60.86924600154919,0,6,29.750915795925877,87,461.68897559920185
243,391.2339636004905,apartamento,46.466248616282996,50.126717870698805,86.18438232948299,54.64466356194377,0,0,30.32774011087926,63,216.57141511494999
244,215.17518118086798,casa,74.9639904087097,30.39081440342673,47.71098176939261,45.863017025225844,1,0,68.1296322844814,29,56.95547743799034
245,661.8341911370376,casa,19.867157320713016,64.49360628752011,99.45642566845248,48.810220044942874,1,1,34.64536271846737,27,467.74335316447645
246,235.5573949238604,casa,62.58726672114186,17.16479508042628,67.91716995379929,28.886603846461316,1,3,66.6269352385411,40,242.68286674279145
247,461.8773146297726,casa,52.63989885897806,74.17790060744244,7.407490721044773,56.69129262531308,1,3,11.217059741136964,89,484.9946685696513
248,750.0,casa,26.695239838044557,74.4021972396075,99.28321316819753,84.3407594458036,0,3,25.9978372174326,20,483.6289896901638
249,565.8255486621074,casa,9.92193910305937,39.44003564138492,40.78942367801904,49.07527719028888,0,7,53.71974245228025,62,433.854254960312
250,315.21192449673447,apartamento,62.38982452654816,16.12747095276656,28.740253384548254,29.291717066808342,0,3,78.33433337664906,34,182.50200143131357
251,358.27712375529313,casa,63.275802890401124,49.236542648562526,55.787918357788556,35.04733543747568,0,4,34.10003100165998,59,223.29397787086637
252,449.0803057725708,apartamento,36.3477567563897,58.43050965772458,30.43075918208643,56.83238087025697,0,2,48.528944364017455,49,433.0115021825856
253,185.68142438795957,apartamento,56.38172209135463,43.18641913835844,8.645750712015232,28.772422137040497,0,2,56.73369972496177,26,192.61490232032494
254,248.15199730220235,casa,60.466986323394345,41.6837458414913,0.14283430791767193,40.53878230336815,0,0,40.36695009733984,89,126.27173600874161
255,413.89695956352665,casa,35.50989235973515,51.073684404018735,44.95833529202623,34.093099590595855,0,1,53.05880474534671,75,300.56056810625756
256,504.85272256240313,apartamento,17.544156573392062,73.33775194801694,83.68634222265922,71.84035936389715,1,1,48.637345142365795,47,471.2696483723514
257,451.1360401674613,casa,36.721189305655415,49.226665146813524,57.231518563007654,40.48495835072709,1,2,51.616929890233735,44,363.21340850373787
258,349.09356736156514,casa,50.205234929923066,34.01846037065205,99.92072989434408,36.15067421354184,0,2,63.39168676444826,76,306.52752654021424
259,227.46983215078325,casa,58.43181661091351,18.89150636090764,28.68466456472,45.07758056269299,1,1,72.88410864222732,19,93.72942219684583
260,306.2589180720604,casa,55.011855054836175,57.75371154093098,28.04550647600553,39.09275236930105,0,0,48.06627794897882,71,326.75325201462636
261,596.9301667884478,casa,1.8889360608572243,77.58241864230023,15.97494602339442,60.495877224483934,0,7,10.769065099014759,30,495.5242325469185
262,156.16488917691592,casa,60.72030672510234,36.66160518202341,16.40635882653352,38.62894000996285,1,1,48.58145991254154,74,113.03780685643582
263,394.5409883325303,casa,55.09637956642873,40.61244363133901,28.51865960100478,23.87123746822768,0,1,71.648273847055,31,283.24834356368154
264,312.6884776095256,apartamento,25.21550438531254,59.53278155953245,79.28400452735272,63.732430545212964,0,4,22.918959828313525,18,444.81788236757995
265,378.89593139452387,casa,31.403095128751424,56.79654197773135,90.57567906364478,41.043801159566385,0,2,40.77439132994152,40,383.345877989392
266,467.30946837570406,apartamento,28.97230433656931,58.888469675611766,97.50871697076813,54.557795485481236,0,4,56.35937068446028,80,363.6570834478706
267,509.87705735772283,apartamento,61.072092854792615,59.774145838458686,23.228965409645262,55.613366320379,0,3,54.903941281198485,87,366.11783779419915
268,313.6958665259267,apartamento,45.27612729008344,23.70407690027769,88.12975456140917,38.119159628047285,0,0,69.85084278864483,40,211.77101804888983
269,256.92978353740915,apartamento,53.30500867306971,31.06619150834215,32.82550892773371,46.01318954547381,0,0,55.98237893009097,43,182.116329919022
270,465.26789573564065,casa,38.39453622214181,42.14832880095722,11.28405445168844,31.840539782013742,1,4,58.39761828939923,53,414.2125199653311
271,646.5568079445306,apartamento,20.17445926999834,58.02397676964053,87.00249255201656,32.674949684148224,1,7,50.912804460312074,55,414.55102760563136
272,508.0891027078117,apartamento,50.829860848483015,66.96709414684709,63.61056346436186,73.13137091282599,0,3,51.86352840992311,79,440.18254336104667
273,409.1017566732556,apartamento,25.88557101703997,77.04297079251556,16.47308960810617,67.70619343811113,1,6,17.79851565280054,42,460.9582486504121
274,404.13022080452174,apartamento,48.50229749647339,62.7871176509623,42.98312575130026,71.86977969685577,0,3,53.83474969545921,81,280.10407948742204
275,228.3215495564254,apartamento,40.80885649860243,43.93112671040663,28.725769487706764,58.29619009478692,0,5,62.6044603070195,20,275.68233260923984
276,378.42038616746856,casa,47.9858045140209,69.54072975879355,73.6794568710197,70.23115803060577,0,6,46.8600859919207,45,409.23283053504883
277,577.2600105321334,casa,50.37771783414625,49.10047675268782,45.341623062426805,45.73511173743125,0,3,62.8370752911546,17,342.4837688499943
278,404.0324994622187,apartamento,56.437364847740234,54.04522644860563,98.9279945106385,44.99003469692183,1,4,29.868657357888097,66,365.8850947659665
279,516.0025532463508,casa,44.324044104292675,46.12624885191315,5.474498225959512,56.76635115840949,1,7,62.266272901597084,27,408.10670124624545
280,597.362278558758,casa,52.63873711616456,44.73776458785859,35.50152661362467,41.0649477445396,1,3,40.99427658185034,75,450.50240381790485
281,348.23614320051655,apartamento,57.06118240532553,31.44173470909474,48.19001671099774,26.581259190691462,1,1,64.8043103969308,78,202.09782058319112
282,301.2628404154686,apartamento,58.7238489705088,34.178297153381045,50.31335547483198,56.34497760228599,0,0,63.06623895255781,52,219.01232868797482
283,73.21620772173968,apartamento,73.6535175415555,4.204323250278463,31.593582238563677,35.60031623071964,1,1,90.0,72,92.29187292839106
284,311.2654327288072,casa,45.2485150513309,34.14185868967317,72.9240249097568,39.97486459585223,0,4,72.03094690016924,37,310.2260634482783
285,186.71344688462187,apartamento,70.52871684197171,10.546745574614805,87.47470734889747,7.416643521668732,0,0,66.79077320429754,29,66.17402320853394
286,264.4228344284048,casa,34.995696872113925,59.52056916298974,93.8719301977863,55.94860722348883,1,2,35.97063518555045,25,259.5191081596071
287,334.4403963260164,casa,37.62993437440157,38.996899374027905,80.50933767995262,53.08373675334554,0,2,58.07728131656661,27,294.1900856184095
288,163.10701121106328,casa,60.53046074810098,27.32211668606633,85.05801973065994,53.07252791977825,1,0,58.05120962166187,86,178.94356345772798
289,370.7773731148607,apartamento,39.227765996028786,35.26312625545843,55.05453006199955,30.891558022480158,1,6,63.30633290297565,17,315.87496725605484
290,133.27683828383886,casa,75.86188097320937,21.156334186392662,82.58882264268146,14.289870381086669,1,0,75.62780407351875,86,63.72511247257224
291,87.46326149474358,apartamento,63.329138417725204,10.374451962240268,30.350390914795224,39.6906436346107,1,0,72.34045143346727,72,66.80668493714649
292,517.5552424188187,apartamento,39.8724548330691,47.5860073670096,39.84787621092144,44.18703690840056,1,4,51.85002110791539,47,420.17025229684623
293,361.5376217179334,apartamento,50.6850578369299,36.84653907481682,31.69130138185443,41.627007485285894,0,3,57.195114229237966,53,212.0857886350683
294,254.32829047738653,apartamento,69.47617238037449,2.020017635173004,46.738733544792545,38.17036266099675,1,0,82.57324344508878,63,107.17723069334815
295,353.88299275882616,apartamento,55.96314210654944,19.809703356287702,28.557961623863637,13.123583080083097,1,3,65.396523369286,63,285.00946702466194
296,480.88368600090746,casa,55.248495651948105,48.41336760234878,96.16114422544469,51.1977084458321,0,4,60.46994920661883,85,396.49709889437486
297,157.69630122382918,casa,60.58292239555015,7.2531108830153235,31.284462800566814,5.177725483310263,1,0,67.59591742381085,74,147.11946237357944
298,478.87595545130296,casa,51.89694734321334,27.931841823112258,9.804453811093982,32.362013176383726,1,1,55.225548070108914,52,330.3007141185501
299,256.38428921249704,casa,63.62684762074116,12.814668776551954,52.68171660504134,38.12962970862975,0,1,82.47760481945093,48,88.4063592471956
300,74.27180187936472,casa,77.5732766511217,31.687964170360743,5.7099078445176366,36.62933409621682,0,0,63.322844141690304,80,73.25677452587347
301,433.15121510056093,apartamento,43.639248373252116,48.93632074125528,11.054316630858052,72.3801009749458,1,5,71.12232720246548,87,289.1095842056666
302,287.9244125936242,apartamento,33.04066751507801,42.889039307638456,21.93893891962463,50.555930596345895,0,4,55.35838963707503,58,293.2858047245479
303,449.222846894101,casa,45.53446279568653,38.54106292655121,46.43502498821417,37.86825167366428,1,6,44.62206079032516,64,336.84345567419297
304,495.5307372846136,casa,22.181080740714894,67.90343519020695,43.32509323090279,49.97609863903664,0,1,44.20535511300985,46,376.7411001751977
305,705.6951523234073,casa,45.19069461697167,67.65184980601876,79.96918620027913,60.605711222262485,1,9,47.36248707736032,37,489.1334357581406
306,479.14703513761515,apartamento,55.957920213144206,28.784071501686782,73.94746538841133,32.00424285594547,1,2,67.95578123699416,76,282.3351567355379
307,399.88749416211175,apartamento,46.09635167681803,34.95914129695508,42.63182939907013,20.90159249171295,1,1,51.21530018723189,29,195.3304128235607
308,442.24591477910434,apartamento,28.38905551991482,37.356721239385045,33.37042075756299,36.20515819676272,0,0,49.856900760338014,17,407.83378764591663
309,311.1631312828705,casa,48.00684001523335,21.62006084614054,31.64687840614986,30.673284900414572,1,0,68.1036347932095,81,171.87451306793338
310,297.36662845211407,casa,62.02252329131486,40.60900600534474,77.3995087294009,51.06184775419268,0,3,66.92231288268984,49,247.53713931753626
311,293.52787443993196,casa,57.490302413645715,35.3834101776431,5.2072406221269745,47.427034360316505,1,0,47.60695419666707,54,85.30537160401968
312,165.85020280821266,casa,80.0,16.71995206388077,1.2821649510605826,37.14402978976026,1,0,63.28112563885572,41,61.40783453695588
313,728.5695976673015,apartamento,12.234497339459038,64.661765271106,79.5544391926648,35.22663809938226,1,5,31.668946490128064,42,483.1917866050663
314,568.7460262476138,casa,11.503844698420737,71.25822154785449,47.71463759890493,52.58687970268283,1,2,46.33026291279615,75,426.1910542304926
315,484.12425794990133,casa,42.756792335802906,44.47143280003728,13.088113855357598,54.61835301914911,1,4,64.95227350478748,49,363.18839274216407
316,342.89179313784626,casa,40.812973547823155,26.849923195365065,23.556593459450127,34.277113041272145,0,1,75.94822083739709,57,234.02882498642145
317,275.73523382430136,apartamento,62.46360965156475,22.42701787904924,93.25039530973825,10.893567524003581,0,2,63.31636926628329,46,127.9824440318806
318,97.8651775568981,apartamento,57.803196580851306,21.85675888153723,85.9502975624898,42.875084669728444,0,1,61.51503390105191,73,120.39666920198871
319,144.8479917251876,casa,64.62612502519326,24.969846755609783,70.97850502239726,44.317511308416606,1,1,66.0576597399921,65,162.60930417406792
320,368.6869748265747,apartamento,48.187219054480785,56.70027651250258,48.22252303373266,60.03247702888597,1,2,44.666347848969146,64,297.1519991177542
321,289.75255090831354,apartamento,28.701946727628215,55.80190396019104,52.032362619138574,33.20897102154164,0,2,53.99711203270786,88,371.56816521502805
322,492.19102904760405,apartamento,38.540649370322406,55.84137827048911,97.52445352839587,65.41717128846567,1,5,44.85803214924446,65,347.08881952297907
323,198.57463820757852,apartamento,60.428302620763965,25.197141350671835,96.57704438842872,36.39377457252598,1,1,57.13231005742925,63,175.97025362567427
324,675.7312426386891,apartamento,14.882579724924607,80.35722701282482,21.526904578583427,77.69410615525997,1,2,56.57068326184113,72,479.68937629843737
325,501.8514865255709,casa,29.06693276154129,72.00129400274947,81.11045663053181,78.3379416240328,0,0,36.934923746662705,81,382.05361251309586
326,292.1433189199646,casa,55.52273429461672,51.77259034079564,19.72426661670168,65.01584840044497,0,2,56.51903776823894,28,299.4593236301303
327,456.3848964706683,casa,35.781323174273744,34.509425315849334,21.35374778839514,38.465269119930376,0,3,74.87411646773545,85,325.2743358054585
328,394.77911966297,apartamento,64.22360923666405,45.7386037990978,67.60930341645768,31.869010182163315,0,4,57.708884171172116,22,238.82002809250545
329,254.95403503897984,apartamento,55.1230363145859,10.570942343464997,40.50010985875484,31.487668708216948,0,0,75.06700019692234,81,161.47894527552086
330,290.37224632842685,apartamento,53.77647071051335,29.142404749165753,93.15444071065203,41.177595856773415,1,1,55.63260033773581,41,210.18770539306772
331,515.9110111718109,apartamento,45.84625795368154,39.951161103720196,8.900973489600883,54.05867755617027,1,6,60.80064238052161,17,391.0307497089661
332,88.00794056566788,casa,67.58442608452636,21.088418050946164,51.152564080949304,17.069645529608835,1,0,64.68066708300677,48,56.47706988339014
333,304.0925463046685,casa,70.18802491893088,30.271138001462976,91.85215304431212,23.892675568566297,1,0,67.03363032596886,19,102.23268822811231
334,285.00623993769483,casa,68.38484549270638,4.7171738996336545,90.41136604795051,36.75891432941626,0,0,74.5780642141026,65,70.70118890978874
335,204.48333765960618,casa,78.66868110844037,14.285613167303683,15.652921341574121,37.37931866149152,0,0,70.3804519799772,35,68.32796104353656
336,528.5501703609182,casa,31.464805233638337,52.418540150007516,36.663770009645646,72.05859424025981,1,8,44.61999705121513,76,434.95726280495325
337,469.15320739822465,casa,28.255964336101282,45.185284302010935,61.912140004669624,53.69143599631756,0,0,54.309681951876584,45,366.64603672101066
338,264.1741899891907,apartamento,60.6062823208059,30.471690496766886,15.939488477140218,42.26096596891225,1,4,56.09747759883387,66,263.37822308929634
339,92.17177662759003,apartamento,72.55046313610153,17.169565344045754,96.80221720457386,34.8208227437314,1,1,70.66687447616019,18,94.02537229295066
340,243.22797056178365,casa,42.34270692457539,49.78089283236764,91.47493287276603,64.33260427186282,1,2,45.58607281560931,89,271.2271438025746
341,365.2342315903514,apartamento,52.27975297842241,23.546305241585213,16.695017903446917,36.71561652407254,1,0,72.03358765696943,72,263.0622968512546
342,294.4137379427897,casa,61.9047657711618,8.821589755878952,12.115546126098542,28.6693501776035,0,1,85.54254325624838,33,127.94084145950683
343,443.0761021245872,casa,52.53388188490214,34.066706231798484,8.54084828082653,27.887358041374103,1,1,76.16746311555325,76,245.23324215708786
344,341.404815317278,apartamento,56.95861009135661,57.45181391049966,90.94436640366311,54.09432669709323,0,0,25.143880394212218,52,229.32713047881805
345,383.27479076948873,casa,49.72547525006246,51.11404363916472,19.362380979546078,57.86597951272669,1,4,54.927431862029785,77,327.1325441234974
346,320.7977924776182,casa,25.958413312924392,50.877850185925766,41.62849285443547,43.407057322565265,1,6,67.88724983309656,33,335.7921428904397
347,160.10687103352302,casa,74.49510414966599,12.46528568738164,44.8851365652003,13.648766286387426,1,0,69.68818205606114,65,70.38680439742004
348,426.41853103532725,apartamento,43.183409740124006,42.29690017477652,59.901104421356756,37.656247029094935,1,3,60.50945533748249,76,218.57567658191203
349,325.3031560897168,apartamento,46.20492402741454,31.59644884247635,7.173534374742497,26.86748752299819,0,0,59.93661771893979,36,331.63696207140634
350,396.1613414799994,apartamento,33.07688838098391,45.05025780484995,22.675861740051594,36.12483800813569,1,2,56.64211926666012,66,276.41131636103944
351,584.0789308564932,apartamento,31.37523305244795,81.31948813698918,93.1490386918926,62.62002875912184,0,1,0.22107913355191933,19,435.42042853474504
352,370.4574205817911,casa,39.47922490756263,59.19388313004996,90.84101072685695,68.78482327838755,1,4,43.05969061017054,59,346.41213422852525
353,298.8659599111253,apartamento,61.159958114577016,40.48269436054957,78.12906474056922,46.537085044794594,1,2,48.05717522348441,73,123.32049218664336
354,170.13618675587418,apartamento,64.84983726560372,29.692999747578487,1.9401245618215435,22.504752656725454,1,1,65.33419450239009,66,81.75593633019344
355,463.10537211321906,apartamento,44.71358755657164,31.612232916016687,32.70067684961021,20.88854775095533,0,0,57.775315246198325,84,339.088675192842
356,246.15916149144883,casa,77.09784460739219,33.52782705624839,62.79587353429078,45.73625809690654,1,0,73.49007042574185,66,61.930089743729816
357,378.70517816915395,apartamento,33.689348246765064,29.36406714007074,27.519021177347568,29.946401452881027,1,3,69.49363722528174,53,313.5990115730585
358,512.283330048686,apartamento,19.05578776991848,72.08827690651187,90.95866950537773,70.6329396193045,1,3,34.60853750078899,62,473.1036086412309
359,355.6432903096703,casa,47.10084207798306,34.88498467839947,63.38894618324419,44.802097046327084,1,5,58.44252173973567,58,308.96338004414554
360,443.2248086737104,casa,60.045049315396525,19.942924886117602,7.19067173164456,43.242116250654945,1,3,70.28140444763739,31,224.67646679293486
361,350.27735329693945,casa,33.81874849802572,48.381156124545726,90.9005588835703,37.65331515025479,0,4,57.3201408853436,49,339.47969829905895
362,379.1074593833046,casa,52.11052844138406,28.83655413030654,95.77666581762226,45.71448511017605,0,1,74.61347926840291,27,256.21380072118245
363,406.74280507089657,apartamento,48.95611516968364,44.27746447538202,7.771241839172549,37.056915881229344,1,1,52.23534369404166,36,295.5275551921707
364,583.0765759830565,casa,44.06826156641152,76.38530920922211,53.23602348613149,83.27253800252088,1,1,28.47142355506605,40,473.65916394943633
365,237.33686411797223,apartamento,47.936577509032176,22.421766138863504,30.336428221417044,37.82596696478342,0,1,66.15639938643503,80,223.74618701034842
366,531.5856247802855,apartamento,48.919672342870086,42.91534361500602,39.283907648140236,38.16401968940733,1,3,47.9865400432511,81,482.5357537207614
367,562.9804346947421,apartamento,39.48923723155383,59.21511250612735,17.965121795534188,48.85993035041188,0,6,54.36658250320533,89,457.4077888802287
368,185.67922115357197,apartamento,64.32991961937987,18.370731361921464,57.807210201241254,16.685998651620313,1,1,62.69735484140917,33,138.1060106551834
369,139.63134224105212,apartamento,64.16529060622256,29.222858127952318,95.79793532488907,43.7178465478761,1,0,65.56714717117784,77,81.21258539382445
370,301.6494925295207,casa,70.66486761175453,28.363927494186743,50.30726002716091,26.017005247179174,0,0,72.08246119996053,31,95.350100619842
371,81.77146880806937,apartamento,76.75700272511648,29.694511774929673,8.291458139448116,42.403748734155556,1,0,71.16733544843079,67,58.19982154319737
372,283.5245047617553,apartamento,75.37269514679988,28.43598725626121,62.000133347740835,27.918449681849694,0,0,62.32448012488189,43,92.49933234016777
373,424.91226445829597,apartamento,48.50546536917406,53.348974579287706,34.022299445125704,57.585741669129376,0,5,34.26569154631566,77,357.35304803736057
374,107.55538599291373,casa,70.81885622587515,27.2016812286106,85.59251895912978,48.87000362372669,0,0,67.25122785504858,74,82.03489180710304
375,344.4261073586563,apartamento,54.315144050748756,24.379508446128604,43.467814831647026,44.52200343906967,1,1,70.00844607528593,47,193.5390336321926
376,540.611644083814,apartamento,36.24809653991959,53.807436665173334,19.28396089422456,62.58164841518217,0,1,38.23361289316469,28,430.19388993625455
377,172.5761769906372,casa,64.19530426189128,28.450314742542655,19.110562269114496,22.2031679828306,0,1,62.33846850824295,62,60.472371081121636
378,372.3391646572274,apartamento,50.36937841393509,52.88700088144526,76.87641807211604,35.66551255458019,1,4,42.38470275173125,47,416.5108171650211
379,272.0669591223888,apartamento,52.364572544668434,42.541840133266675,26.55875983073599,50.810116822622966,1,0,60.58115657011743,48,176.83464864802997
380,112.97966095255032,casa,74.52964282921455,35.33542811071877,76.7233394159223,34.11547731525711,1,1,70.5539783218262,48,103.17417242974531
381,451.47002176587563,apartamento,54.35257488238483,70.89806886314328,20.58873107665994,64.73874083998138,1,5,34.40958676818042,69,363.5317244138678
382,454.13878624875434,apartamento,35.53014054890547,66.21547691842598,32.16863687013094,37.547911244880105,1,6,51.204258692016964,77,333.0242810509478
383,384.9523664048549,apartamento,35.20932155024917,63.18870586315401,46.54869724396994,43.52408498391286,1,1,46.324684949013346,62,444.86240608717384
384,553.775476307443,apartamento,32.55944732232135,42.2135253214272,94.31958496934507,22.954323974066572,0,6,53.37174374981747,23,380.7819697117486
385,389.97479552208,apartamento,26.51548994904129,60.1124135567883,93.17314247538246,76.0282856514557,1,7,44.24076899926421,20,411.5664186731819
386,349.8840166403438,casa,53.757625529813765,22.50836846319904,20.68718754222878,21.81715002759633,0,3,67.14890627581374,68,176.9155576570879
387,127.35192045385124,casa,64.65756946947924,27.947504615708997,35.82190412430728,37.60731278698227,1,1,50.81804646432269,47,129.84779470087528
388,507.53747704305323,casa,59.82795278214013,66.04903409133556,14.939938845377231,44.87704849103812,0,4,31.519028309969297,52,387.7766382383862
389,433.65831303013164,apartamento,48.50580927192383,72.68735384682716,50.998507931349714,75.23311828402409,0,3,24.207214381328452,70,413.0756326702688
390,561.0283002929594,apartamento,44.23111089235775,54.847660054285896,46.05825506946666,43.99712875976728,1,7,52.04036666964694,70,495.727313900303
391,267.842105802216,apartamento,59.44151569129269,23.864841532208672,90.07601624507325,49.65773925331157,1,2,64.91725010290024,33,235.6779546101419
392,267.63361893957284,casa,49.5026306216579,35.2041771841762,93.00053777910726,57.34088855459777,0,2,55.027174547224824,46,217.40813860675243
393,466.65058575400593,apartamento,57.15814681478897,38.047697231616894,38.35673910072921,35.889566168212184,1,3,63.79162412010382,38,399.3858323338986
394,276.00288964174115,apartamento,49.591531136524665,49.06373057207148,49.173794301898944,62.40253396396825,1,2,47.215362533444136,59,203.36159311385802
395,558.2933150228587,apartamento,23.07574693935863,62.42353823276555,89.62362491461332,81.72554375462883,0,7,52.245585786818495,43,468.84079652160415
396,457.3903856189194,casa,47.04509658142303,49.160443702887875,80.67078077450614,62.57944421397575,0,1,51.195323881952895,53,436.2857383293553
397,321.48187284569445,casa,64.37711678454636,17.308169883724936,0.3656311344649277,42.483381616880564,0,4,75.34618737693107,62,243.04731231875826
398,409.6034549273263,apartamento,56.22402745649307,58.294188451779284,32.00595641835825,44.01697470928874,1,4,38.33255898782278,51,387.8919805061738
399,444.8946493408606,apartamento,43.09826077968934,64.49875770072595,42.17742419361259,56.667518489256956,1,6,29.228761387488845,20,389.5442933381071
400,107.28475010244979,apartamento,77.89893633918143,15.640876659937458,22.97162836832317,9.910606375430717,1,0,70.46027414901465,42,96.40574097616968
401,355.7430799079633,casa,30.598710381258098,37.73959692514905,19.957161589593873,27.015273446603747,1,3,50.19176399128283,35,456.148808005805
402,217.75971645832144,casa,61.28243956526515,41.53978547492965,3.7784506595679668,61.13504670347196,0,5,56.03818676394448,61,277.3635676015357
403,573.8185938141896,casa,43.059588862641846,44.08639988897536,64.33697250697605,38.28571852537011,1,2,62.12652056805055,42,421.90585974848375
404,320.51104454611385,apartamento,40.603904324456046,41.263523516668705,26.251029048316564,54.26533617867799,0,3,67.83891112497157,38,194.0223204637753
405,608.433425185305,casa,29.971179191160864,61.21415604688485,5.234717843131309,64.3769035577507,1,4,29.196659260782276,74,452.9854528232902
406,432.20085451453576,apartamento,36.34265653938335,35.019406410699176,23.097931052806363,57.04644368311418,1,2,54.787590422997404,79,225.1407554303734
407,226.72897864764823,apartamento,76.93098735020106,5.733308645533036,80.19139528361265,41.888300801752834,0,0,72.6198138277834,44,54.87694316613426
408,503.95955224285206,casa,31.431421433080406,78.42159753352534,85.14891816465466,54.446877802603595,1,5,45.80184605370894,81,457.42188938866866
409,274.10164451741684,apartamento,65.23095784153169,17.937269581727605,48.30662451933026,10.37997642930366,1,0,78.44296344702971,60,91.0790045537601
410,228.5429513346522,casa,56.98348747581609,38.396567126745246,41.607067040868614,37.085214492106225,0,0,57.12784975247982,59,193.69113691568668
411,411.8479938987999,apartamento,48.92425009987284,58.27873068561034,97.78536935017817,34.91096025833612,1,2,42.261147158498595,53,477.5278851728622
412,528.3681448645286,apartamento,21.167269988195756,73.6506770561396,20.05646595880699,48.449891821068135,0,0,22.305794797265992,82,477.77321612190025
413,279.4241925462793,casa,46.95522378096687,26.169700998456648,21.535928285460848,30.406783914370628,0,6,71.75796616726204,33,308.04704965547876
414,435.8452161712191,apartamento,51.40680704849743,48.29600561750632,29.186717703639975,57.8169493168248,0,6,61.27746381086219,56,334.32674547640966
415,437.79818495704757,apartamento,43.775169442570345,59.13070942961615,17.275731828108732,59.80249084318139,0,1,57.27209826482443,54,251.8004848902439
416,153.053913814073,apartamento,62.07078425709327,29.57160183006018,37.93655982041866,30.070944219268046,1,2,54.629227334114674,77,181.94484726412904
417,246.20210205460717,apartamento,66.69574919021571,16.253295575278475,91.08342269897538,34.85385941625755,1,1,69.15059582740766,25,197.89904541646217
418,469.7925371018732,apartamento,41.645399876695095,31.489877154754616,61.534784062857426,26.70478275800151,1,4,67.35192898473352,77,352.63330523466726
419,507.11589128774375,apartamento,51.53608992738355,49.3824228553889,41.19465486122637,28.00479853031674,0,6,53.233964591387256,32,388.568538246956
420,514.5612137830642,apartamento,42.323770768899536,47.032230710749694,93.44107945712148,57.08619727824016,1,7,67.74024118204203,18,406.21056967663185
421,486.0727529224147,apartamento,15.460439018615617,31.008287768874908,4.846423247582232,43.495707334534245,1,3,54.77282788207388,88,405.32816425754925
422,102.90470070322992,casa,63.98051368828092,31.094201833702673,21.027617790186138,49.60768796406561,1,1,64.26851816673039,59,91.04274637191067
423,318.71551470986014,casa,36.66751571846254,38.58417196516842,56.5888605101759,21.86162368016469,1,1,56.14970611253458,58,272.48913711616166
424,290.0308439840568,apartamento,77.15241572819794,11.988268306877599,61.55526231931792,39.06173119046102,0,1,80.60858846589383,73,75.90144200748992
425,428.1537867877956,apartamento,53.57003312086722,55.1494077224392,3.9557506562613143,61.55028285938514,0,0,40.6210161718412,83,297.287997045681
426,197.96367426735912,casa,57.586753577404494,25.141045654748684,40.30387579071322,37.355299157223996,1,3,56.32180486767836,46,248.68872561801965
427,642.2446705639201,apartamento,52.511603002940106,78.97961657946276,64.91539648308728,80.13696700533195,0,5,38.64224101572255,29,449.4668822412349
428,347.80295981090876,casa,56.73880100106893,28.312451581825293,69.80705464034016,51.5433289457998,1,2,60.120213433711726,35,207.91175564843542
429,278.3626989602915,casa,55.2751679284563,35.348024299393266,63.813990251626926,43.28016990145295,1,0,48.24946327062701,23,102.68015739242264
430,185.1214668998755,casa,63.7901220335927,27.848461790990747,32.05632243609246,39.16695106490548,1,2,73.05600777571485,25,114.34625692377614
431,540.0173477954717,apartamento,38.38116018100867,68.80109921200547,9.352012359790951,83.41134042289501,0,1,56.352100187598545,70,392.6797842728625
432,486.3624189880528,apartamento,36.056110852187565,67.26124566807312,42.71124464193341,65.91905468519512,1,4,39.433869894796665,77,328.1981284923175
433,237.46557136878246,apartamento,63.47827114653314,13.72458429635244,12.875443736805547,24.283230290138125,0,0,63.85427326014685,18,95.50520425525562
434,92.5763515318613,casa,70.31327913424383,38.72026102663197,94.76236585206671,52.10589444797836,0,0,58.76015024207663,66,87.84806275174884
435,300.87142493116676,casa,49.55793455530956,52.33838549157995,47.51708660226283,43.70439730089634,1,3,38.25047738639259,47,365.436109156604
436,121.96472012900588,casa,61.171793147249566,14.864626981671574,31.725917435686757,16.613971126546236,0,0,69.74806597728137,49,82.74335286388708
437,629.353658577867,apartamento,22.906111954504045,57.644400488174576,76.63040711189001,59.253589707908006,0,1,42.84907324548222,27,419.8370266806603
438,316.4236431624334,casa,19.024475573337288,54.12898374517744,49.79485925822639,73.75148871270444,1,1,65.71328730275219,49,367.8090022204233
439,232.63660801490383,casa,63.407826096812755,5.811869182522843,31.003402401245005,39.34836418337034,0,0,84.63905656658125,23,86.6069512888549
440,290.93941066619664,apartamento,66.65486851610318,21.14315202404576,81.19677423908017,24.382403068558226,0,1,71.30546554268216,47,88.17697133833636
441,487.2450725182139,casa,14.147408496064124,65.47891365436593,86.7152151001122,61.78489668467429,1,8,55.70136159731392,64,493.9878103255289
442,367.92528471024076,casa,53.291710379765995,47.84369564378642,67.3008166288677,35.01094230816897,1,0,70.61978281041651,63,218.42185809025415
443,330.89650867903805,apartamento,58.63195228559392,49.737112251887524,4.6964422407667294,71.28672619403513,0,1,32.163117617525856,69,216.7889661801009
444,525.470629137512,apartamento,33.10763269552053,60.36561765434429,56.632288016653206,78.41058238746359,1,0,46.147324710728945,35,415.75980526587614
445,368.8529931328477,casa,1.2300267382762802,57.75795890387539,76.32949119972817,56.63542069570386,1,0,57.49627456881649,22,476.2618598227364
446,530.5670238939376,apartamento,39.14294837099675,56.673623528361524,13.650301208358218,66.32199821064575,0,6,54.0846854011863,65,493.7004787202919
447,623.1702399866274,casa,23.043627103041622,38.12354259901164,22.867075138460336,50.83780121059438,0,4,67.23979131524564,89,389.0201833665237
448,455.135696955364,apartamento,51.872338261295525,17.275860416775572,88.24951050681365,32.41819749654844,1,0,67.40040698501174,66,219.3168134889121
449,236.72274324734946,casa,58.96160381151618,14.281076136322469,2.0121721853074037,9.238131468386268,0,0,67.09897590564486,28,87.57532251440094
450,499.62611287954377,apartamento,41.21149125310328,41.1905839641317,75.2727137825976,44.346484529965075,1,0,67.86762858725056,39,399.7161121673466
451,440.31542505168807,casa,51.92814377548713,59.54078868673214,47.37732925144229,64.82081212843023,1,5,59.56438486671145,70,301.2819123811123
452,382.79220053624374,apartamento,46.6145571302625,41.156945457413485,44.677215883960685,52.58866225748199,0,4,55.01338106326444,85,240.89990416113932
453,640.943165114638,apartamento,15.54041950881813,61.16809965678336,0.7096532494887176,51.20518151280743,0,1,43.613978679229994,75,457.8594732926312
454,88.12330018447388,apartamento,63.26663629095766,26.906832483134604,81.93982309664928,54.27591074287921,1,0,73.54122294133927,52,100.03886703776811
455,447.731306732549,apartamento,55.12871791014707,32.3024488508474,35.98249006365665,25.852212081300184,1,4,62.84341757331417,19,271.6812969308866
456,204.36427881669334,apartamento,71.57574858280296,14.961182780192527,54.07656313005429,27.601987812803824,1,1,77.60744948425278,74,55.10914014533858
457,337.86431218810844,apartamento,55.92185359731299,44.37243775120882,67.73006863356595,56.37619599362108,1,2,59.328692564641635,71,260.8972888973568
458,100.3715872540377,apartamento,74.1159001308872,19.077890911388884,70.26295764379158,37.541950976125946,0,0,62.07758995838403,73,75.3364740568268
459,253.3976966947375,casa,60.447783764734965,19.70995288151141,95.59800588260723,36.9951281403535,1,0,60.70552951433177,33,103.46806232063236
460,159.41325665062848,casa,65.4250255344633,39.59970174877381,53.13399532366091,32.07288831913505,0,1,54.46578846220958,55,102.8868110496972
461,479.54302693913985,apartamento,46.7565542223376,62.96702146549185,39.97195509744276,42.27519971680347,0,2,40.40046091709343,84,342.1446359522286
462,330.6982371317458,apartamento,24.669947868198783,64.32905589894882,95.37036264917079,62.36991563778872,1,0,57.107924505526064,71,385.7201956694405
463,420.7679422451313,casa,50.67362978541907,47.50906182693885,64.21102350255211,55.82635509784202,0,3,50.20329370148103,61,312.5159442937218
464,628.257725763746,casa,21.286771173179602,71.67740430553678,29.81503562765556,55.08975593612674,0,0,45.501416037694646,17,482.97764681354386
465,192.1750697788078,apartamento,61.12654961277482,24.852779940785485,12.646424540357115,42.559612047469216,1,3,57.89239700534665,37,218.69176078566682
466,404.6476351914302,casa,55.5390333821438,24.77360336599362,84.25545014651813,32.48385346857056,0,1,55.466616915686394,37,178.57043882683732
467,456.44776086555447,casa,42.022955816395566,41.05248732530279,36.21816027941516,51.13672412210017,0,0,59.17434694210822,68,440.8696076852571
468,340.0869497467417,apartamento,46.67770880182996,25.840322255989143,66.04697213644312,49.372253410617496,1,1,53.382142599021954,59,150.6181273337537
469,620.2750652657393,apartamento,13.504565237907958,58.71034923837433,47.08164193658981,41.79719940467453,1,3,41.86719041253139,68,483.4501427482751
470,179.8445314963016,apartamento,68.39795544547545,5.446845771962096,19.892977979503833,2.0203455557710392,1,1,73.21119247322342,83,55.46951361041735
471,717.4674380063376,casa,0.0,90.0,60.16866086204651,80.6713455484644,1,5,40.429154071359946,60,486.44547201843756
472,268.9225109325834,apartamento,69.94122600277572,33.448812849198,6.068306895068232,44.947459459669055,1,0,60.347295019725344,48,69.42196037775925
473,447.0050795748938,apartamento,33.654320383113244,70.8777782867602,41.334245987119225,73.98184366554068,1,6,22.587176083699337,26,451.014401164132
474,273.3276129970641,casa,47.51456820948694,42.448064774995885,54.661493966367104,57.72389037561536,1,1,69.25287121514175,80,287.4654990888349
475,556.211070730748,apartamento,28.762271422548636,89.79779836258442,43.604697411857906,79.19885739357528,0,8,19.496108154432424,85,496.83415825368513
476,261.451381024009,casa,74.50268808619452,5.1601802438799576,74.86721752509908,39.38181002395274,0,0,88.71138688279997,84,83.20845413092948
477,386.217282904044,casa,55.233914023115034,55.00508066786721,82.79249545453125,49.66891607614065,1,3,50.25435528801353,44,299.2344279805943
478,631.016391341127,casa,32.92940822715125,58.72105785172261,77.1243074033178,56.80437702886839,0,0,36.86058286250187,69,486.18614102859453
479,372.5957681027972,casa,53.86146829675845,58.08729723618547,3.881294781180211,55.562914191349634,0,2,49.26855762535677,67,285.39402987656695
480,467.8396589707278,casa,44.522868222805485,36.07619075254547,19.41287704459722,26.461525697365673,1,5,51.743214825940704,69,333.22938716086816
481,404.55419065784184,casa,45.54565196615464,70.6068710423806,53.66075092637743,62.30085043630188,0,5,55.41653092440544,20,363.08691004307775
482,309.5315091967104,apartamento,46.54577113298331,56.14412427317724,93.48220404438013,46.52101611832169,1,1,38.020783633891746,33,254.54347914549794
483,237.2604557454558,apartamento,35.0262179291616,34.91228084618237,83.49567750521169,58.71771629629863,0,1,67.17053822696852,83,332.40113603782856
484,392.85087716627356,apartamento,52.071348368074226,40.49826406896172,84.25345083518016,47.260464523686544,1,5,61.289753042424216,63,312.9414403653951
485,501.5043223793429,casa,27.50522231548695,73.6682680664104,30.32081937596749,74.6925367937944,0,8,28.500019868392855,72,455.52110472094506
486,155.9009284348259,apartamento,67.42258018061736,18.530674774033898,42.94478970787026,23.013692824650217,0,0,70.56434744895677,39,70.45087115365604
487,313.2250887952986,casa,58.70084708253307,44.51902406050538,47.070594731593744,28.09149532673303,0,1,41.4323336213594,34,176.43343531650365
488,471.74815244974747,apartamento,13.079032255976546,67.37968612070155,15.737158334991042,44.40407398923739,1,3,32.328334177722574,17,477.6851678344514
489,584.2476475541727,casa,24.297012124703784,61.23868296467322,3.1068130244456316,57.58960588399915,0,7,24.185483693003476,51,450.61870275091235
490,320.7568635000024,apartamento,47.56517576966001,34.08465056882899,94.69028994605169,21.13682334094501,0,0,76.30405026895946,80,255.0455387535708
491,415.84250355054957,casa,36.43756684233031,32.54093997801893,24.07125856635067,44.264581888822704,1,1,57.6808140085258,74,329.05966901069155
492,189.14740688354516,apartamento,60.12155813950626,41.212686721272284,23.99489037236313,59.79495148234045,1,2,55.97702368879171,75,174.8215323415097
493,139.92556534110807,casa,56.125334941240325,19.697139722019305,8.337905376875954,45.65164811163763,0,0,71.24312502368235,17,134.65452187569258
494,357.1238535277139,apartamento,52.48047522900988,42.995989854127636,92.85077519437786,49.08139662552869,0,2,65.10091419536484,19,258.664282222992
495,302.7904251316446,casa,46.0047562927804,35.36300189275488,57.9737114939772,30.596408098036555,0,1,58.34783238310153,83,209.00850261172377
496,489.02808076642924,apartamento,52.03238505522065,54.6545493177912,66.70368571253539,64.06285388035685,0,2,45.626267561389625,53,312.64525033289243
497,164.58056326317424,apartamento,72.8750658618417,32.75933254763203,91.15768872630525,53.387633448033895,1,0,50.80558148532109,45,84.98058663424317
498,639.0809353764358,apartamento,32.637987918139764,76.46379303753793,34.56201689007895,51.273768248174626,0,5,31.496553113901683,49,488.4776634497749
499,641.7970264127966,casa,29.21464757503472,59.36249700831437,62.15073111380841,69.03509972014004,0,1,48.74582538763901,77,493.7948350158213
